{"res": {"x": [1.0, 0.5, 0.001, 0.02, 10.0, 0.001, 7.0, 15.0, 4.0, 15.0], "fun": 3235.2198315024507, "jac": [-6.33026123046875, -0.013336181640625, 120642.09652709961, 20394.706817626953, 44.779022216796875, 54305.6311340332, 159.41012573242188, -10.018890380859375, 35.71038818359375, -7.562042236328125], "nit": 5, "nfev": 11, "njev": 1, "status": 0, "message": "Optimization terminated successfully", "success": true}, "n": 675, "till": 10, "subject": "D378"}