{"res": {"x": [1.001760776765417, 0.5000031089273844, 0.0010064164590910462, 0.01999327211742768, 9.995542832030276, 0.0011160290488370721, 6.999108586737776, 15.004432456478183, 4.000445715503037, 15.002777176775172], "fun": 3949.0681332263584, "jac": [-3.913421630859375, -0.010101318359375, 65926.92797851562, 16014.511047363281, 41.056854248046875, 5772.098205566406, 153.89895629882812, -10.625396728515625, -13.67242431640625, -6.22271728515625], "nit": 7, "nfev": 42, "njev": 3, "status": 0, "message": "Optimization terminated successfully", "success": true}, "n": 912, "till": 10, "subject": "D295"}