{"res": {"x": [0.5632230564294044, 0.6655012934259409, 0.0012354583309776568, 0.00826994267721294, 3.0629918253018538, 0.000182733807679164, 5.4900617612984615, 36.854738881156294, 0.021334582772333723, 18.338657855127657], "fun": 4226.155775896401, "jac": [0.01104736328125, -0.00030517578125, 121221.88098144531, 1374.2799682617188, 0.25408935546875, 84990.20416259766, -1.3077392578125, -0.052001953125, 6.47698974609375, 0.76239013671875], "nit": 14, "nfev": 123, "njev": 10, "status": 0, "message": "Optimization terminated successfully", "success": true}, "n": 956, "till": 10, "subject": "D166"}