{"res": {"x": [1.0578191451841026, 0.5009697078152892, 0.0008996277251877012, 0.017992554503754025, 8.996277251877013, 0.0023964933975596067, 6.799255450375402, 15.535222556605023, 3.5985109007508047, 15.951592700227815], "fun": 2135.4012975794767, "jac": [-0.15789794921875, -0.080413818359375, 142136.5856628418, 4595.482604980469, 5.865478515625, 102279.80575561523, 51.200439453125, -11.93560791015625, 11.591766357421875, -2.678131103515625], "nit": 7, "nfev": 39, "njev": 3, "status": 0, "message": "Optimization terminated successfully", "success": true}, "n": 473, "till": 10, "subject": "D211"}