{"res": {"x": [1.0, 0.5, 0.001, 0.02, 10.0, 0.001, 7.0, 15.0, 4.0, 15.0], "fun": 5921.508880982827, "jac": [-28.61090087890625, -0.253173828125, 2123713.655151367, 18616.227905273438, 93.23486328125, 1533676.6497192383, 81.589111328125, -102.0894775390625, -1.58502197265625, -7.44903564453125], "nit": 5, "nfev": 11, "njev": 1, "status": 0, "message": "Optimization terminated successfully", "success": true}, "n": 919, "till": 10, "subject": "D283"}