{"res": {"x": [1.0, 0.5, 0.001, 0.02, 10.0, 0.001, 7.0, 15.0, 4.0, 15.0], "fun": 4589.725443860432, "jac": [-28.2403564453125, -0.076171875, 731685.0999145508, 19373.357360839844, 77.8084716796875, 448574.6900024414, 198.8701171875, -44.009765625, 14.90374755859375, -7.488525390625], "nit": 5, "nfev": 11, "njev": 1, "status": 0, "message": "Optimization terminated successfully", "success": true}, "n": 825, "till": 10, "subject": "D288"}