{"res": {"x": [1.0, 0.5, 0.001, 0.02, 10.0, 0.001, 7.0, 15.0, 4.0, 15.0], "fun": 8479.290975578177, "jac": [-83.1142578125, -0.7357177734375, 4250349.775878906, 21652.130615234375, 175.6497802734375, 2688738.870727539, 153.658447265625, -161.0948486328125, 16.163330078125, -7.3199462890625], "nit": 5, "nfev": 11, "njev": 1, "status": 0, "message": "Optimization terminated successfully", "success": true}, "n": 1188, "till": 10, "subject": "D178"}