{"res": {"x": [1.0, 0.5, 0.001, 0.02, 10.0, 0.001, 7.0, 15.0, 4.0, 15.0], "fun": 2743.0614811762516, "jac": [-0.172119140625, -0.01763916015625, 178429.64602661133, 3362.840576171875, 5.341156005859375, 107828.1986694336, 65.43112182617188, -9.32269287109375, 4.74761962890625, -2.817901611328125], "nit": 5, "nfev": 11, "njev": 1, "status": 0, "message": "Optimization terminated successfully", "success": true}, "n": 631, "till": 10, "subject": "D365"}