{"res": {"x": [1.0, 0.5, 0.001, 0.02, 10.0, 0.001, 7.0, 15.0, 4.0, 15.0], "fun": 7270.493054479394, "jac": [-39.0587158203125, -0.18011474609375, 2086944.6453857422, 17039.987548828125, 185.789794921875, 1037384.6257324219, 264.1656494140625, -101.47979736328125, -10.591796875, -6.28436279296875], "nit": 5, "nfev": 11, "njev": 1, "status": 0, "message": "Optimization terminated successfully", "success": true}, "n": 1040, "till": 10, "subject": "D170"}