{"res": {"x": [1.0, 0.5, 0.001, 0.02, 10.0, 0.001, 7.0, 15.0, 4.0, 15.0], "fun": 4904.881042399194, "jac": [2.36663818359375, -0.2274169921875, 1354072.7838134766, 16686.140014648438, 48.2623291015625, 1063821.8341064453, 118.64404296875, -61.36944580078125, 24.64971923828125, -6.597900390625], "nit": 5, "nfev": 11, "njev": 1, "status": 0, "message": "Optimization terminated successfully", "success": true}, "n": 937, "till": 10, "subject": "D163"}