{"res": {"x": [1.0, 0.5, 0.001, 0.02, 10.0, 0.001, 7.0, 15.0, 4.0, 15.0], "fun": 7112.40974686951, "jac": [-131.13592529296875, -0.4627685546875, 2402308.2532958984, 16703.952392578125, 159.01165771484375, 1640414.240600586, 142.8472900390625, -94.24761962890625, -7.9986572265625, -8.0257568359375], "nit": 5, "nfev": 11, "njev": 1, "status": 0, "message": "Optimization terminated successfully", "success": true}, "n": 1126, "till": 10, "subject": "D238"}