{"res": {"x": [1.0, 0.5, 0.001, 0.02, 10.0, 0.001, 7.0, 15.0, 4.0, 15.0], "fun": 3292.7027318386495, "jac": [-2.1025390625, -0.024627685546875, 189011.09661865234, 17137.480194091797, 42.693695068359375, 93633.78814697266, 172.946044921875, -10.767303466796875, 30.0009765625, -8.043731689453125], "nit": 5, "nfev": 11, "njev": 1, "status": 0, "message": "Optimization terminated successfully", "success": true}, "n": 692, "till": 10, "subject": "D280"}