{"res": {"x": [1.0, 0.5, 0.001, 0.02, 10.0, 0.001, 7.0, 15.0, 4.0, 15.0], "fun": 9671.027053139616, "jac": [-103.73828125, -1.0400390625, 6050506.287719727, 23915.428466796875, 188.9498291015625, 3458928.5174560547, 160.7603759765625, -211.3565673828125, 10.8922119140625, -5.9088134765625], "nit": 5, "nfev": 11, "njev": 1, "status": 0, "message": "Optimization terminated successfully", "success": true}, "n": 1274, "till": 10, "subject": "D175"}