{"res": {"x": [1.0, 0.5, 0.001, 0.02, 10.0, 0.001, 7.0, 15.0, 4.0, 15.0], "fun": 3970.7988191288387, "jac": [-6.08648681640625, -0.04888916015625, 582651.1756591797, 17219.382598876953, 47.258941650390625, 412689.99520874023, 90.75271606445312, -38.3023681640625, 5.74945068359375, -7.142578125], "nit": 5, "nfev": 11, "njev": 1, "status": 0, "message": "Optimization terminated successfully", "success": true}, "n": 751, "till": 10, "subject": "D358"}