{"res": {"x": [1.0, 0.5, 0.001, 0.02, 10.0, 0.001, 7.0, 15.0, 4.0, 15.0], "fun": 8397.079710953905, "jac": [-120.388671875, -0.9439697265625, 4749032.868041992, -658.2139892578125, 149.2425537109375, 3134680.672729492, 115.2176513671875, -169.917724609375, -12.9400634765625, -3.927978515625], "nit": 5, "nfev": 11, "njev": 1, "status": 0, "message": "Optimization terminated successfully", "success": true}, "n": 1198, "till": 10, "subject": "D268"}