{"res": {"x": [1.0, 0.5, 0.001, 0.02, 10.0, 0.001, 7.0, 15.0, 4.0, 15.0], "fun": 3072.1927872230353, "jac": [-0.74249267578125, -0.0240478515625, 211632.583984375, 10426.46353149414, 14.289031982421875, 117356.59408569336, 116.02774047851562, -9.231170654296875, 19.082977294921875, -6.365509033203125], "nit": 5, "nfev": 11, "njev": 1, "status": 0, "message": "Optimization terminated successfully", "success": true}, "n": 705, "till": 10, "subject": "D159"}