{"res": {"x": [32.705927374046446, 0.5520524796204158, 0.0009476381100344995, 0.019162154522755246, 0.6331729546926507, 6.122216365729936e-05, 5.902648974613568, 16.073287597267335, 0.26226452844866455, 23.733942293769918], "fun": 3484.458312479079, "jac": [-0.03546142578125, 0.0, 41737.8388671875, 105.06524658203125, 4.396240234375, 30509.016510009766, 8.630096435546875, 0.428375244140625, 0.327392578125, -0.01763916015625], "nit": 14, "nfev": 124, "njev": 10, "status": 0, "message": "Optimization terminated successfully", "success": true}, "n": 804, "till": 10, "subject": "D141"}