{"res": {"x": [15.53837742486135, 0.03328148682339691, 0.0, 0.0023121680854919576, 142.8746513136554, 0.000398884101721414, 5.00005269775857, 13.086431985534253, 3.118470816551284, 24.55703936001648], "fun": 3033.5098953005277, "jac": [0.000274658203125, -6.103515625e-05, 5559.386260986328, -24.097412109375, 0.000152587890625, 123.55792236328125, 0.26373291015625, -0.0133056640625, 0.003936767578125, -0.002044677734375], "nit": 62, "nfev": 710, "njev": 61, "status": 0, "message": "Optimization terminated successfully", "success": true}, "n": 714, "till": 10, "subject": "D363"}