{"res": {"x": [0.4505569740433144, 0.6094928881682482, 0.0004505569740433144, 0.009011139480866289, 4.505569740433144, 0.0004505569740433144, 5.901113948086628, 54.13892873406482, 1.8022278961732576, 19.49765932081499], "fun": 4108.572295801222, "jac": [-0.02789306640625, 0.0008544921875, -232720.3324584961, 10355.979248046875, 15.00885009765625, -176532.51220703125, 32.76617431640625, 5.04278564453125, 26.948486328125, -0.2803955078125], "nit": 6, "nfev": 23, "njev": 2, "status": 0, "message": "Optimization terminated successfully", "success": true}, "n": 887, "till": 10, "subject": "D264"}