{"res": {"x": [1.0, 0.5, 0.001, 0.02, 10.0, 0.001, 7.0, 15.0, 4.0, 15.0], "fun": 2631.506272589961, "jac": [-1.811737060546875, -0.01251220703125, 184858.80917358398, 15144.92349243164, 23.83056640625, 112949.16537475586, 62.781036376953125, -13.92694091796875, 20.993377685546875, -6.75665283203125], "nit": 5, "nfev": 11, "njev": 1, "status": 0, "message": "Optimization terminated successfully", "success": true}, "n": 544, "till": 10, "subject": "D266"}