{"res": {"x": [1.0, 0.5, 0.001, 0.02, 10.0, 0.001, 7.0, 15.0, 4.0, 15.0], "fun": 5687.586769725325, "jac": [-18.6273193359375, -0.366455078125, 2057336.189880371, 32601.632385253906, 65.7611083984375, 1722790.4146118164, 16.18621826171875, -90.50274658203125, 31.05950927734375, -9.31951904296875], "nit": 5, "nfev": 11, "njev": 1, "status": 0, "message": "Optimization terminated successfully", "success": true}, "n": 987, "till": 10, "subject": "D278"}