{"res": {"x": [1.0, 0.5, 0.001, 0.02, 10.0, 0.001, 7.0, 15.0, 4.0, 15.0], "fun": 7106.544935657535, "jac": [86.7286376953125, -0.2275390625, 2419303.6525268555, 15596.580688476562, 158.61090087890625, 1326430.8283691406, 176.6265869140625, -110.39666748046875, -13.22210693359375, -5.645751953125], "nit": 5, "nfev": 11, "njev": 1, "status": 0, "message": "Optimization terminated successfully", "success": true}, "n": 1025, "till": 10, "subject": "D184"}