{"res": {"x": [1.0, 0.5, 0.001, 0.02, 10.0, 0.001, 7.0, 15.0, 4.0, 15.0], "fun": 3458.5268579838485, "jac": [-9.991058349609375, -0.02239990234375, 212971.4903869629, 20758.664794921875, 51.848876953125, 103146.35647583008, 190.3658447265625, -15.65380859375, 17.01910400390625, -8.0345458984375], "nit": 5, "nfev": 11, "njev": 1, "status": 0, "message": "Optimization terminated successfully", "success": true}, "n": 691, "till": 10, "subject": "D309"}