{"res": {"x": [1.0, 0.5, 0.001, 0.02, 10.0, 0.001, 7.0, 15.0, 4.0, 15.0], "fun": 7313.070253230012, "jac": [-98.0631103515625, -0.2874755859375, 2706843.6306152344, 17388.163452148438, 165.080078125, 1553648.0175170898, 263.08673095703125, -124.09405517578125, 5.32757568359375, -9.23370361328125], "nit": 5, "nfev": 11, "njev": 1, "status": 0, "message": "Optimization terminated successfully", "success": true}, "n": 1027, "till": 10, "subject": "D287"}