{"res": {"x": [1.0, 0.5, 0.001, 0.02, 10.0, 0.001, 7.0, 15.0, 4.0, 15.0], "fun": 4221.653185539656, "jac": [-8.4755859375, -0.040771484375, 501271.49993896484, 24447.805053710938, 73.53582763671875, 339195.13360595703, 99.75262451171875, -32.9261474609375, 4.5999755859375, -7.77740478515625], "nit": 5, "nfev": 11, "njev": 1, "status": 0, "message": "Optimization terminated successfully", "success": true}, "n": 766, "till": 10, "subject": "D246"}