{"res": {"x": [1.0, 0.5, 0.001, 0.02, 10.0, 0.001, 7.0, 15.0, 4.0, 15.0], "fun": 3277.5049739722376, "jac": [-0.91668701171875, -0.048797607421875, 489490.3212890625, 10936.178283691406, 16.293121337890625, 375451.0758666992, 55.03826904296875, -29.10797119140625, 16.06317138671875, -5.8214111328125], "nit": 5, "nfev": 11, "njev": 1, "status": 0, "message": "Optimization terminated successfully", "success": true}, "n": 677, "till": 10, "subject": "D198"}