{"res": {"x": [1.0001499316730076, 0.5000015233359885, 0.001003537561964272, 0.01999513073594445, 9.99664941226049, 0.0013257440288184208, 6.999329920050497, 15.000455957957856, 3.998659768045234, 15.00157233368102], "fun": 2385.3760241442756, "jac": [-0.50787353515625, -0.0126953125, 49981.35302734375, 7227.291229248047, 14.210906982421875, -1758.5193786621094, 132.92269897460938, -3.937255859375, 13.300048828125, -4.8515625], "nit": 7, "nfev": 43, "njev": 3, "status": 0, "message": "Optimization terminated successfully", "success": true}, "n": 541, "till": 10, "subject": "D157"}