{"res": {"x": [1.0, 0.5, 0.001, 0.02, 10.0, 0.001, 7.0, 15.0, 4.0, 15.0], "fun": 7024.093582217883, "jac": [-168.47991943359375, -0.43170166015625, 2108132.4600219727, 14608.507263183594, 135.10455322265625, 1359771.8384399414, 214.4781494140625, -82.95806884765625, -18.14501953125, -6.54925537109375], "nit": 5, "nfev": 11, "njev": 1, "status": 0, "message": "Optimization terminated successfully", "success": true}, "n": 1228, "till": 10, "subject": "D294"}