{"res": {"x": [30.49929750643351, 0.9037547291716765, 0.00046926207615943924, 0.009385241523188785, 4.692620761594393, 0.00046926207615943924, 5.9385241523188785, 111.42034811975452, 1.877048304637757, 17.00477957950712], "fun": 6169.680428871072, "jac": [-1.65826416015625, 0.00079345703125, -526691.9512939453, 19238.13037109375, 102.5697021484375, -297002.0554199219, 62.53741455078125, 3.51544189453125, 14.3065185546875, -3.12646484375], "nit": 6, "nfev": 23, "njev": 2, "status": 0, "message": "Optimization terminated successfully", "success": true}, "n": 1234, "till": 10, "subject": "23--2"}