{"res": {"x": [24.09392133692197, 0.8444704150764525, 0.0007327886262661448, 0.009305688658932205, 4.652844329466102, 0.0006953533001690681, 5.93056886589322, 116.81863531908698, 4.534715567053389, 18.56335829055575], "fun": 5766.119117551007, "jac": [-2.4237060546875, 0.0013427734375, -357438.19763183594, 12926.335388183594, 103.1702880859375, -194204.73541259766, 41.7247314453125, 2.7442626953125, 7.58526611328125, -2.99163818359375], "nit": 7, "nfev": 42, "njev": 3, "status": 0, "message": "Optimization terminated successfully", "success": true}, "n": 1166, "till": 10, "subject": "D188"}