{"res": {"x": [1.6591693320009626, 0.40429452232059515, 0.00021418067458239045, 0.01081997889445117, 7.000337137874402, 0.000849779887653185, 6.491963071132957, 14.060246770076567, 0.9571167947251629, 10.595301269671197], "fun": 3528.8105801761917, "jac": [0.007476806640625, -0.00421142578125, 94764.18051147461, 461.3220520019531, -0.364227294921875, 71026.52163696289, -1.086700439453125, -3.26226806640625, 3.79925537109375, 1.03033447265625], "nit": 21, "nfev": 215, "njev": 17, "status": 0, "message": "Optimization terminated successfully", "success": true}, "n": 834, "till": 10, "subject": "HM283"}