{"res": {"x": [1.0, 0.5, 0.001, 0.02, 10.0, 0.001, 7.0, 15.0, 4.0, 15.0], "fun": 4099.698938335734, "jac": [-18.57659912109375, -0.03955078125, 507422.04193115234, 13315.543090820312, 73.071533203125, 304622.31494140625, 143.25311279296875, -33.515869140625, 36.822265625, -4.3751220703125], "nit": 5, "nfev": 11, "njev": 1, "status": 0, "message": "Optimization terminated successfully", "success": true}, "n": 735, "till": 10, "subject": "D215"}