{"res": {"x": [1.0, 0.5, 0.001, 0.02, 10.0, 0.001, 7.0, 15.0, 4.0, 15.0], "fun": 4518.011452764255, "jac": [-3.67022705078125, -0.13201904296875, 1111844.5775146484, 20112.5400390625, 55.6357421875, 864500.1752319336, 113.1617431640625, -56.86798095703125, 53.1260986328125, -8.62408447265625], "nit": 5, "nfev": 11, "njev": 1, "status": 0, "message": "Optimization terminated successfully", "success": true}, "n": 812, "till": 10, "subject": "D274"}