{"res": {"x": [1.0, 0.5, 0.001, 0.02, 10.0, 0.001, 7.0, 15.0, 4.0, 15.0], "fun": 5184.346748539896, "jac": [-57.964111328125, -0.11517333984375, 1320592.5848999023, 39268.776123046875, 107.25079345703125, 917098.537902832, 55.02435302734375, -72.05902099609375, 49.083984375, -12.19091796875], "nit": 5, "nfev": 11, "njev": 1, "status": 0, "message": "Optimization terminated successfully", "success": true}, "n": 789, "till": 10, "subject": "D260"}