{"res": {"x": [1.0, 0.5, 0.001, 0.02, 10.0, 0.001, 7.0, 15.0, 4.0, 15.0], "fun": 4276.892894110662, "jac": [2.834716796875, -0.0914306640625, 774397.028503418, 9982.484619140625, 48.33935546875, 576963.8570556641, 118.6522216796875, -42.434814453125, 15.1031494140625, -5.95257568359375], "nit": 5, "nfev": 11, "njev": 1, "status": 0, "message": "Optimization terminated successfully", "success": true}, "n": 829, "till": 10, "subject": "D281"}