{"res": {"x": [1.0, 0.5, 0.001, 0.02, 10.0, 0.001, 7.0, 15.0, 4.0, 15.0], "fun": 7646.815492908667, "jac": [-14.7052001953125, -1.01995849609375, 3812525.042175293, 13655.157409667969, 131.34515380859375, 2741674.112121582, 156.781982421875, -127.9080810546875, 5.69378662109375, -7.3292236328125], "nit": 5, "nfev": 11, "njev": 1, "status": 0, "message": "Optimization terminated successfully", "success": true}, "n": 1255, "till": 10, "subject": "D267"}