{"res": {"x": [6.663421433253266, 0.6143765853179398, 0.0, 0.00044699573753294585, 4.5941925112668, 0.0009229139354068583, 5.494685248435438, 4.719056096991222, 4.278002812572958, 0.2934728344194603], "fun": 2028.316942943472, "jac": [-0.0001678466796875, -0.000762939453125, 1945.6255340576172, -0.0175628662109375, 0.0003814697265625, 7.2006988525390625, 0.00592041015625, -0.00152587890625, 0.0013885498046875, 0.0029144287109375], "nit": 48, "nfev": 561, "njev": 47, "status": 0, "message": "Optimization terminated successfully", "success": true}, "n": 535, "till": 10, "subject": "D136"}