{"res": {"x": [1.0, 0.5, 0.001, 0.02, 10.0, 0.001, 7.0, 15.0, 4.0, 15.0], "fun": 4227.296448605165, "jac": [22.1572265625, -0.01025390625, 177369.70831298828, 35143.83020019531, 122.426513671875, 75406.11047363281, 222.41729736328125, -24.25384521484375, -8.03729248046875, -6.66143798828125], "nit": 5, "nfev": 11, "njev": 1, "status": 0, "message": "Optimization terminated successfully", "success": true}, "n": 657, "till": 10, "subject": "D201"}