{"res": {"x": [1.0, 0.5, 0.001, 0.02, 10.0, 0.001, 7.0, 15.0, 4.0, 15.0], "fun": 2793.0132455649536, "jac": [-0.064971923828125, -0.027862548828125, 287593.02911376953, 1160.5476379394531, 1.78668212890625, 270219.8671875, -7.7318115234375, -18.709503173828125, 2.627777099609375, -1.00714111328125], "nit": 5, "nfev": 11, "njev": 1, "status": 0, "message": "Optimization terminated successfully", "success": true}, "n": 616, "till": 10, "subject": "D199"}