{"res": {"x": [61.257299402094006, 0.7330305400643141, 0.0004732378078899389, 0.009464756157798777, 4.732378078899389, 0.0004732378078899389, 5.946475615779878, 74.6001327024645, 4.526762192110061, 17.515816743933854], "fun": 5647.190579418524, "jac": [-0.6376953125, 0.00152587890625, -542745.0233764648, 8516.412414550781, 63.27069091796875, -317656.6336669922, 61.44451904296875, 5.58685302734375, 11.90374755859375, -2.45458984375], "nit": 6, "nfev": 23, "njev": 2, "status": 0, "message": "Optimization terminated successfully", "success": true}, "n": 1189, "till": 10, "subject": "D240"}