{"res": {"x": [188.51508168836006, 0.5832974214346086, 2.2864168964837343e-06, 0.0015111077534309659, 34.51080996659201, 2.347531304916325e-06, 5.000000033496472, 10.650561553302587, 3.1682140842067326e-08, 2.007990292220185], "fun": 3416.55048260318, "jac": [-0.004730224609375, 0.0, -1269.9772338867188, -233.69146728515625, 0.3358154296875, 1191.3441467285156, 48.6131591796875, -0.204132080078125, 23.807037353515625, 4.44659423828125], "nit": 40, "nfev": 454, "njev": 36, "status": 0, "message": "Optimization terminated successfully", "success": true}, "n": 803, "till": 10, "subject": "D237"}