{"res": {"x": [43.062465986357786, 0.594838164231241, 0.00045171895456434287, 0.009034379091286857, 4.517189545643428, 0.00045171895456434287, 5.9034379091286855, 62.99440241183203, 4.548281045435657, 19.49105892466107], "fun": 4827.675930308478, "jac": [-0.92047119140625, 0.00030517578125, -327274.85467529297, 16527.959594726562, 60.225830078125, -192321.1427001953, 50.43511962890625, 5.01751708984375, 7.37481689453125, -3.19921875], "nit": 6, "nfev": 23, "njev": 2, "status": 0, "message": "Optimization terminated successfully", "success": true}, "n": 1003, "till": 10, "subject": "D205"}