{"res": {"x": [10.062170903332419, 0.3565001889710538, 3.32408623478704e-08, 0.003816873610419544, 93.68398144014847, 0.0007100282166450874, 5.000562714979245, 11.257896148777569, 3.2172584021763337, 17.311600113990778], "fun": 2309.014781777969, "jac": [-0.0003662109375, 0.0, 5279.391326904297, -0.810211181640625, -0.00042724609375, 116.04043579101562, 13.27581787109375, -0.017059326171875, 0.0302734375, -0.00311279296875], "nit": 55, "nfev": 624, "njev": 52, "status": 0, "message": "Optimization terminated successfully", "success": true}, "n": 561, "till": 10, "subject": "D282"}