{"res": {"x": [1.0, 0.5, 0.001, 0.02, 10.0, 0.001, 7.0, 15.0, 4.0, 15.0], "fun": 5479.475818839146, "jac": [-82.46307373046875, -0.1021728515625, 1123068.6049194336, 15674.078674316406, 110.1790771484375, 683896.2406005859, 133.52789306640625, -61.2537841796875, 7.66278076171875, -7.0885009765625], "nit": 5, "nfev": 11, "njev": 1, "status": 0, "message": "Optimization terminated successfully", "success": true}, "n": 902, "till": 10, "subject": "D207"}