{"res": {"x": [1.0, 0.5, 0.001, 0.02, 10.0, 0.001, 7.0, 15.0, 4.0, 15.0], "fun": 5600.092410270917, "jac": [-12.9649658203125, -0.2548828125, 1838923.0554199219, 28614.234375, 91.97711181640625, 1349678.3864135742, 129.67333984375, -83.05865478515625, 17.4306640625, -10.4686279296875], "nit": 5, "nfev": 11, "njev": 1, "status": 0, "message": "Optimization terminated successfully", "success": true}, "n": 926, "till": 10, "subject": "D214"}