{"res": {"x": [1.0, 0.5, 0.001, 0.02, 10.0, 0.001, 7.0, 15.0, 4.0, 15.0], "fun": 6009.745298514811, "jac": [-9.919921875, -0.16107177734375, 1139698.1881103516, 17516.011352539062, 132.6639404296875, 700943.2400512695, 232.14923095703125, -54.90606689453125, 25.8853759765625, -5.49273681640625], "nit": 5, "nfev": 11, "njev": 1, "status": 0, "message": "Optimization terminated successfully", "success": true}, "n": 1048, "till": 10, "subject": "23--1"}